id,conversation_id,created_at,date,time,timezone,user_id,username,name,place,tweet,language,mentions,urls,photos,replies_count,retweets_count,likes_count,hashtags,cashtags,link,retweet,quote_url,video,thumbnail,near,geo,source,user_rt_id,user_rt,retweet_id,reply_to,retweet_date,translate,trans_src,trans_dest
1345155927733903361,1345155927733903361,2021-01-01 23:52:19 UTC,2021-01-01,23:52:19,+0000,1200948582444126208,traderbjones,Brian Jones,,You are young. It doesn't matter what the market does in 2021.  First get used to what it's like to be in a trade or in a mutual fund. Buy a top stock like $GOOG.  Let that be a start to your journey of success.,en,[],[],[],0,0,12,[],['goog'],https://twitter.com/TraderBJones/status/1345155927733903361,False,https://twitter.com/TraderBJones/status/1345154626174275584,0,,,,,,,,[],,,,
1345150909697777666,1345150909697777666,2021-01-01 23:32:23 UTC,2021-01-01,23:32:23,+0000,893431,mukund,Mukund Mohan,,"The genomics people may not like me saying this, but in my mind the easiest play on investing in genomics is to buy Cloud - $AMZN AWS, $MSFT, $GOOG GCP, Semiconductor - $NVDA, $AMD, Storage $MU and Networking - $ANETüêò",en,[],[],[],11,3,60,[],"['amzn', 'msft', 'goog', 'nvda', 'amd', 'mu']",https://twitter.com/mukund/status/1345150909697777666,False,,0,,,,,,,,[],,,,
1345143904291745792,1345143904291745792,2021-01-01 23:04:33 UTC,2021-01-01,23:04:33,+0000,1307737958846472192,securedmargin,EMC^2,,Monday Market Open!  Happy New Year to all. üéÜüéäüöÄ  $SPY $QQQ $TQQQ $VXX $TSLA $APPl $AMZN $SQ $AMD $MSFT $DJI $SPX $NQ $ES $YM $COMP $IWM $GOOG $BAC $DIS $FB $BABA $NIO $SHOP,en,[],[],[],0,0,2,[],"['spy', 'qqq', 'tqqq', 'vxx', 'tsla', 'appl', 'amzn', 'sq', 'amd', 'msft', 'dji', 'spx', 'nq', 'es', 'ym', 'comp', 'iwm', 'goog', 'bac', 'dis', 'fb', 'baba', 'nio', 'shop']",https://twitter.com/SecuredMargin/status/1345143904291745792,False,,0,,,,,,,,[],,,,
1345143887459803139,1345143887459803139,2021-01-01 23:04:28 UTC,2021-01-01,23:04:28,+0000,302674240,gzbenso,Big Data: leapfrogging the Marketing Spin ...,,French Cinema Admissions Drop 70% in 2020 ‚Äì  $viac $cmcsa $dis $nflx $aapl $t $sne $roku $amzn $disca $lgf $twtr $fox $fb $goog $snap $stx $mgm $quibi $prime $hulu $pluto $tubi $hbo $fb $baba $bidu $iq $twtr $fubo  https://t.co/OeeWPmmWAe,en,[],['https://variety.com/2020/film/global/cnc-comscore-box-office-france-1234876600/'],[],0,1,1,[],"['viac', 'cmcsa', 'dis', 'nflx', 'aapl', 't', 'sne', 'roku', 'amzn', 'disca', 'lgf', 'twtr', 'fox', 'fb', 'goog', 'snap', 'stx', 'mgm', 'quibi', 'prime', 'hulu', 'pluto', 'tubi', 'hbo', 'fb', 'baba', 'bidu', 'iq', 'twtr', 'fubo']",https://twitter.com/gzbenso/status/1345143887459803139,False,,0,,,,,,,,[],,,,
1345139555951902721,1345139555951902721,2021-01-01 22:47:16 UTC,2021-01-01,22:47:16,+0000,914214567152160768,stockmktgenius,Stock Market Genius,,Number of leading stocks today: 340 $SPY $QQQ $FB $GOOG $AMZN $GOOG $AAPL #DailyStkLeaderCount,en,[],[],[],0,0,0,['dailystkleadercount'],"['spy', 'qqq', 'fb', 'goog', 'amzn', 'goog', 'aapl']",https://twitter.com/stockmktgenius/status/1345139555951902721,False,,0,,,,,,,,[],,,,
1345138498932625408,1345138498932625408,2021-01-01 22:43:04 UTC,2021-01-01,22:43:04,+0000,302674240,gzbenso,Big Data: leapfrogging the Marketing Spin ...,,Streaming Wars 2020: Brutally Honest Insights on a Wild Year ‚Äì  $viac $cmcsa $dis $nflx $aapl $t $sne $roku $amzn $disca $lgf $twtr $fox $fb $goog $snap $stx $mgm $quibi $prime $hulu $pluto $tubi $hbo $fb $baba $bidu $iq $twtr $fubo  https://t.co/0j19TLZSNm,en,[],['https://variety-com.cdn.ampproject.org/c/s/variety.com/2020/digital/news/streaming-wars-2020-netflix-disney-plus-hbo-max-1234876686/amp/'],[],0,1,1,[],"['viac', 'cmcsa', 'dis', 'nflx', 'aapl', 't', 'sne', 'roku', 'amzn', 'disca', 'lgf', 'twtr', 'fox', 'fb', 'goog', 'snap', 'stx', 'mgm', 'quibi', 'prime', 'hulu', 'pluto', 'tubi', 'hbo', 'fb', 'baba', 'bidu', 'iq', 'twtr', 'fubo']",https://twitter.com/gzbenso/status/1345138498932625408,False,,0,,,,,,,,[],,,,
1345129686242877440,1345129686242877440,2021-01-01 22:08:03 UTC,2021-01-01,22:08:03,+0000,21066382,eliraam,Eli Raam,,"Is Now The Time To Buy Stock In Tesla, Disney Or Baidu? $AMZN $DIS $GOOG  https://t.co/9R89PfHnX2 # via @benzinga",en,"[{'screen_name': 'benzinga', 'name': 'benzinga', 'id': '44060322'}]",['https://benzinga.com/z/18977563#.X--dP3RqYbI.twitter'],[],0,0,0,[],"['amzn', 'dis', 'goog']",https://twitter.com/EliRaam/status/1345129686242877440,False,,0,,,,,,,,[],,,,
1345126617513930752,1345126617513930752,2021-01-01 21:55:51 UTC,2021-01-01,21:55:51,+0000,428724153,c2412345,Chris,,Dems surging in Senate Runoff and will control the Senate = MJ/POT/CANNABIS bills will pass.  $CGC $WEED will enter USA via $ACRG.U and MSO's will uplist. üöÄ  $SPY $AAPL $GOOG $FB $AMZN $TSLA $APHA $ACB $CRON $TLRY $VFF $CURA $GTII $TRUL $MSOS $MMED $NUMI   https://t.co/nuvcZZswT8,en,[],['https://www.youtube.com/watch?v=OadZd8RdYgQ&ab_channel=PoliticalAnalysis-ElectionPredictions'],[],2,1,12,[],"['cgc', 'weed', 'acrg.u', 'spy', 'aapl', 'goog', 'fb', 'amzn', 'tsla', 'apha', 'acb', 'cron', 'tlry', 'vff', 'cura', 'gtii', 'trul', 'msos', 'mmed', 'numi']",https://twitter.com/c2412345/status/1345126617513930752,False,,0,,,,,,,,[],,,,
1345123825411895299,1345123825411895299,2021-01-01 21:44:45 UTC,2021-01-01,21:44:45,+0000,1330593816777207812,lucacapital,Luca Capital,,"2020 Year-End Performance (net of fees):  Durable Growth Portfolio: +112.1% Wide Moat Portfolio (since October 1st): +16.3%  Durable Growth Top 10 Holdings: $SDC, $GOCO, $TDOC, $ROKU, $GOOG, $OAC, $FB, $GDRX, $PANW, $ZEN  Website:  https://t.co/bD3RkWfkw2  https://t.co/6xyPFgc3iK",en,[],['https://www.lucacap.com/investor-letters'],"['https://pbs.twimg.com/media/EqrWwUQXAAIHLJ2.jpg', 'https://pbs.twimg.com/media/EqrWxeQXUAcWt-j.jpg']",5,25,166,[],"['sdc', 'goco', 'tdoc', 'roku', 'goog', 'oac', 'fb', 'gdrx', 'panw', 'zen']",https://twitter.com/LucaCapital/status/1345123825411895299,False,,1,https://pbs.twimg.com/media/EqrWwUQXAAIHLJ2.jpg,,,,,,,[],,,,
1345105532894515203,1345105532894515203,2021-01-01 20:32:04 UTC,2021-01-01,20:32:04,+0000,2231813953,officialwillkim,William Kim,,Watch Video:  https://t.co/PhBAj50E9s  $AAPL #iPhone #iPhone12Pro  $spy $amzn $btc $xrp $goog $spy $dia $qqq #Bitcoin #applecar #wallstreetbets $tsla $nio $fsr $solo $tlry  https://t.co/mKJ3wZNguN,en,[],['https://youtu.be/gpNMp9V_BSU'],['https://pbs.twimg.com/media/EqrGWohXcAA71Fp.jpg'],0,0,1,"['iphone', 'iphone12pro', 'bitcoin', 'applecar', 'wallstreetbets']","['aapl', 'spy', 'amzn', 'btc', 'xrp', 'goog', 'spy', 'dia', 'qqq', 'tsla', 'nio', 'fsr', 'solo', 'tlry']",https://twitter.com/Officialwillkim/status/1345105532894515203,False,,1,https://pbs.twimg.com/media/EqrGWohXcAA71Fp.jpg,,,,,,,[],,,,
1345104403611721728,1345104403611721728,2021-01-01 20:27:35 UTC,2021-01-01,20:27:35,+0000,1292468020158357505,thamoneyhunter,üá¨üá∑ TMH üá¶üá∫,,First tweet of 2021:  BUY EVERY DIP! üöÄüöÄüöÄüöÄ  $SPY $DIA $QQQ $FB $AAPL $AMZN $NFLX $GOOG $NIO $NKLA $TSLA $GM $PLTR $SNAP $SNOW $MSFT $WMT $SHOP $F $SBUX $EBAY $BIGC $IDEX $AYRO $XPEV $LI,en,[],[],[],4,1,11,[],"['spy', 'dia', 'qqq', 'fb', 'aapl', 'amzn', 'nflx', 'goog', 'nio', 'nkla', 'tsla', 'gm', 'pltr', 'snap', 'snow', 'msft', 'wmt', 'shop', 'f', 'sbux', 'ebay', 'bigc', 'idex', 'ayro', 'xpev', 'li']",https://twitter.com/thamoneyhunter/status/1345104403611721728,False,,0,,,,,,,,[],,,,
1345103729704521729,1345103729704521729,2021-01-01 20:24:54 UTC,2021-01-01,20:24:54,+0000,902044744007737350,pandabearchap,stocktraderpanda,,"Tesla Model Y demand in China causes website slowdown, 100K orders within 10 hours:    https://t.co/SqTjY4wKiP $tsla $nio $xpev $nkla $qs $fsr $driv $dis $dkng $spce $amzn $aapl $li $graf $gm $f $fcau $spwr $sedg $enph $fslr $run $goog",en,[],['https://driveteslacanada.ca/model-y/tesla-model-y-demand-in-china-causes-website-slowdown-100k-orders-within-10-hours/'],[],0,0,0,[],"['tsla', 'nio', 'xpev', 'nkla', 'qs', 'fsr', 'driv', 'dis', 'dkng', 'spce', 'amzn', 'aapl', 'li', 'graf', 'gm', 'f', 'fcau', 'spwr', 'sedg', 'enph', 'fslr', 'run', 'goog']",https://twitter.com/pandabearchap/status/1345103729704521729,False,,0,,,,,,,,[],,,,
1345103615216775168,1345103614201782272,2021-01-01 20:24:27 UTC,2021-01-01,20:24:27,+0000,1044577153294258176,mansherv,ShervMan,,"...Undervalue since $GOOG raised $10 bil, $1 bil tranche on 5yr note @.45% while 5y yield treasury was around mid .2%... What matters is the base on any valuation. Having said that based on the Macro environment we have and changes happening + üíâ üëâüèº re opening names will be the",en,[],[],[],1,3,10,[],['goog'],https://twitter.com/ManSherv/status/1345103615216775168,False,,0,,,,,,,,[],,,,
1345103614201782272,1345103614201782272,2021-01-01 20:24:27 UTC,2021-01-01,20:24:27,+0000,1044577153294258176,mansherv,ShervMan,,"When we talk #VALUATION, we need to pay attention on what is the proxy on that valuation.. I am personally in the team of #VALUE to #GROWTH üîÑ in 2021 on a bigger scale but we need to remember, if we value an entity like $GOOG or $AMZN from #bonds perspective, they seem to be",en,[],[],[],2,3,21,"['valuation', 'value', 'growth', 'bonds']","['goog', 'amzn']",https://twitter.com/ManSherv/status/1345103614201782272,False,,0,,,,,,,,[],,,,
1345101200581136392,1345096731269148679,2021-01-01 20:14:51 UTC,2021-01-01,20:14:51,+0000,1247102954,maruribaz,Mario,,@chamath $FB #Bitcoin $SHOP $SQ $TWLO $NET $GOOG,en,[],[],[],0,0,2,['bitcoin'],"['fb', 'shop', 'sq', 'twlo', 'net', 'goog']",https://twitter.com/Maruribaz/status/1345101200581136392,False,,0,,,,,,,,"[{'screen_name': 'chamath', 'name': 'Chamath Palihapitiya', 'id': '3291691'}]",,,,
1345100237535408128,1345100237535408128,2021-01-01 20:11:02 UTC,2021-01-01,20:11:02,+0000,1588334288,socialassurity,Social Assurity,,Facebook Can't Crush These 3 Resilient Social Networks @themotleyfool #stocks $FB $GOOGL $PIPR $TWTR $GOOG $SNAP $PINS  https://t.co/TmC8SVBXSN,en,"[{'screen_name': 'themotleyfool', 'name': 'the motley fool', 'id': '15568127'}]",['https://www.fool.com/investing/2020/12/31/facebook-cant-crush-these-3-resilient-social-netwo/'],[],1,0,1,['stocks'],"['fb', 'googl', 'pipr', 'twtr', 'goog', 'snap', 'pins']",https://twitter.com/SocialAssurity/status/1345100237535408128,False,,0,,,,,,,,[],,,,
1345100206736609280,1345100206736609280,2021-01-01 20:10:54 UTC,2021-01-01,20:10:54,+0000,2837784071,faisamtrader,FaisamTrader,,$spy $gspc $aapl $nflx $goog $tsla Fauci says U.S. will not extend interval between vaccine doses: CNN   https://t.co/xq0vV4Lfex,en,[],['http://zpr.io/HvDtw'],[],0,0,0,[],"['spy', 'gspc', 'aapl', 'nflx', 'goog', 'tsla']",https://twitter.com/FaisamTrader/status/1345100206736609280,False,,0,,,,,,,,[],,,,
1345099688060608513,1345099675846799361,2021-01-01 20:08:51 UTC,2021-01-01,20:08:51,+0000,3278201701,rootedonmain,Main Street Investor,,13. $SFM 2.2% 14. $LGF.A 2.1% 15. $COR 1.9% #REIT  16. $AAPL 1.9%  17. $AMD 1.8% 18. $COLD 1.8% #REIT  19. $GOOG 1.7% 20. $NTDOY 1.7% Super Nintendo üåè   2/5  https://t.co/7ZkYuL0IYK,en,[],[],"['https://pbs.twimg.com/media/EqrBCDoXUAEfdJw.jpg', 'https://pbs.twimg.com/media/EqrBCFFXcAIajPx.jpg', 'https://pbs.twimg.com/media/EqrBCGEXUAEEfJn.jpg', 'https://pbs.twimg.com/media/EqrBCGWXEAAGoRD.jpg']",3,0,1,"['reit', 'reit']","['sfm', 'lgf.a', 'cor', 'aapl', 'amd', 'cold', 'goog', 'ntdoy']",https://twitter.com/RootedonMain/status/1345099688060608513,False,,1,https://pbs.twimg.com/media/EqrBCDoXUAEfdJw.jpg,,,,,,,[],,,,
1345082366398750720,1345082366398750720,2021-01-01 19:00:01 UTC,2021-01-01,19:00:01,+0000,166597717,theflynews,The Fly,,"Google, Facebook under further #investigation as Goldman boosts Snap's price #target. Find out more in ""#SocialStocks"" weekly from @theflynews $GOOG $GOOGL $FB $SNAP $TWTR $ZM  https://t.co/s1xS8GLnxE  https://t.co/V7w8QI6995",en,"[{'screen_name': 'theflynews', 'name': 'the fly', 'id': '166597717'}]",['https://bit.ly/38KmP4c'],['https://pbs.twimg.com/media/EqlfXfOXcAIMKFr.jpg'],1,1,2,"['investigation', 'target', 'socialstocks']","['goog', 'googl', 'fb', 'snap', 'twtr', 'zm']",https://twitter.com/theflynews/status/1345082366398750720,False,,1,https://pbs.twimg.com/media/EqlfXfOXcAIMKFr.jpg,,,,,,,[],,,,
1345077671831560193,1345077671831560193,2021-01-01 18:41:21 UTC,2021-01-01,18:41:21,+0000,969571031030616071,trendspider,TrendSpider,,Happy New Year to everyone!!  Watch this video going over the charts into 2021!  https://t.co/kZZUTrSfYC  Tickers reviewed: $SPY $QQQ $IWM $DIA #Bitcoin  $FB $AMZN $AAPL $NFLX $GOOG  https://t.co/jzYBdHREU2,en,[],['https://youtu.be/5BWYZIxu6Tw'],['https://pbs.twimg.com/media/Eqqs92QVgAAfi-b.jpg'],2,2,32,['bitcoin'],"['spy', 'qqq', 'iwm', 'dia', 'fb', 'amzn', 'aapl', 'nflx', 'goog']",https://twitter.com/TrendSpider/status/1345077671831560193,False,,1,https://pbs.twimg.com/media/Eqqs92QVgAAfi-b.jpg,,,,,,,[],,,,
1345068046923091971,1345068046923091971,2021-01-01 18:03:07 UTC,2021-01-01,18:03:07,+0000,75627109,watersinc,Amir Waters,,Tesla Stock Surged 695% in 2020. Is It a Buy for 2021? @themotleyfool #stocks $TSLA $GOOGL $GM $VWAGY $NSANY $BAMXF $GOOG $HYMLF $NIO  https://t.co/j5RtzcnVBV,en,"[{'screen_name': 'themotleyfool', 'name': 'the motley fool', 'id': '15568127'}]",['https://www.fool.com/investing/2020/12/30/tesla-stock-surged-695-in-2020-is-it-a-buy-for-202/'],[],0,0,1,['stocks'],"['tsla', 'googl', 'gm', 'vwagy', 'nsany', 'bamxf', 'goog', 'hymlf', 'nio']",https://twitter.com/watersinc/status/1345068046923091971,False,,0,,,,,,,,[],,,,
1345062602779475968,1345062602779475968,2021-01-01 17:41:29 UTC,2021-01-01,17:41:29,+0000,1261812855956860928,zoltansuranyi1,Zoltan Suranyi,,Happy New Year! All the best for 2021! @Benzinga $SPY $QQQ $DIA $GNUS $GAN $LCA $PENN $TSLA $NIO $EHTH $MRNA $PFE $MMM $AMZN $REGN $SNY $ORCL $FL $VZ $RH $AAL $UAL $DAL $GOOG $AAPL $FB $BA $NKLA $WKHS $GOGO $IPOD $IPOE $SEAH $GMBL $GLTA $XPEV $DSGT $$RBAC $GIK $BABA $TWTR $SPG $F,in,"[{'screen_name': 'benzinga', 'name': 'benzinga', 'id': '44060322'}]",[],[],0,0,0,[],"['spy', 'qqq', 'dia', 'gnus', 'gan', 'lca', 'penn', 'tsla', 'nio', 'ehth', 'mrna', 'pfe', 'mmm', 'amzn', 'regn', 'sny', 'orcl', 'fl', 'vz', 'rh', 'aal', 'ual', 'dal', 'goog', 'aapl', 'fb', 'ba', 'nkla', 'wkhs', 'gogo', 'ipod', 'ipoe', 'seah', 'gmbl', 'glta', 'xpev', 'dsgt', 'gik', 'baba', 'twtr', 'spg', 'f']",https://twitter.com/ZoltanSuranyi1/status/1345062602779475968,False,,0,,,,,,,,[],,,,
1345060137439014914,1345060137439014914,2021-01-01 17:31:41 UTC,2021-01-01,17:31:41,+0000,121158213,alerttrade,"Trade Alerts, Trade Ideas and Crypto üá∫üá∏",,‚û° This stock trading software analyzes MILLIONS of trades while you sleep to find the best trade setups.  Auto-Trading via ‚ü∂  https://t.co/wK9zRfKwjU  #HollyAI #AutoTrading #Stocks $TGT $NVDA $SPY $GLD $EBAY $AAPL $FB $TWTR $GS $S $GOOG $DIS  $IBM $MSFT $BIDU $VZ $ADBE $AMAT  https://t.co/8yzhxFucwz,en,[],['https://lddy.no/mmah'],['https://pbs.twimg.com/media/EqqdEREW4AIU7gd.png'],0,0,0,"['hollyai', 'autotrading', 'stocks']","['tgt', 'nvda', 'spy', 'gld', 'ebay', 'aapl', 'fb', 'twtr', 'gs', 's', 'goog', 'dis', 'ibm', 'msft', 'bidu', 'vz', 'adbe', 'amat']",https://twitter.com/AlertTrade/status/1345060137439014914,False,,1,https://pbs.twimg.com/media/EqqdEREW4AIU7gd.png,,,,,,,[],,,,
1345059074786938880,1345059074786938880,2021-01-01 17:27:28 UTC,2021-01-01,17:27:28,+0000,237930369,alexisoomoz,Alexis Zoomo,,Stocks to watch Jan. 4 thru Jan. 8 $nvr $amzn $seb $cabo $bkng $goog $googl $aytu $biol &amp; $TURN 180¬∞ Capital Corp. the catalyst  https://t.co/MbzO6bgqGF stock tip $TURN,en,[],['https://ir.180degreecapital.com/press-releases'],[],0,0,0,[],"['nvr', 'amzn', 'seb', 'cabo', 'bkng', 'goog', 'googl', 'aytu', 'biol', 'turn', 'turn']",https://twitter.com/Alexisoomoz/status/1345059074786938880,False,,0,,,,,,,,[],,,,
1345058725455929344,1345058725455929344,2021-01-01 17:26:04 UTC,2021-01-01,17:26:04,+0000,902044744007737350,pandabearchap,stocktraderpanda,,$tsla $nio $xpev $nkla $qs $fsr $driv $dis $dkng $spce $amzn $aapl $li $graf $gm $f $fcau $spwr $sedg $enph $fslr $run $goog,in,[],[],[],0,0,0,[],"['tsla', 'nio', 'xpev', 'nkla', 'qs', 'fsr', 'driv', 'dis', 'dkng', 'spce', 'amzn', 'aapl', 'li', 'graf', 'gm', 'f', 'fcau', 'spwr', 'sedg', 'enph', 'fslr', 'run', 'goog']",https://twitter.com/pandabearchap/status/1345058725455929344,False,https://twitter.com/SawyerMerritt/status/1345055936969379843,0,,,,,,,,[],,,,
1345057539428392961,1345057539428392961,2021-01-01 17:21:22 UTC,2021-01-01,17:21:22,+0000,902044744007737350,pandabearchap,stocktraderpanda,,"Institutional Investors Are Running Away From Big Oil, &amp; Towards The ‚ÄúSafe Haven‚Äù Of Clean Tech    https://t.co/AmrJzGLhga   $tsla $nio $xpev $nkla $qs $fsr $driv $dis $dkng $spce $amzn $aapl $li $graf $gm $f $fcau $spwr $sedg $enph $fslr $run $goog",en,[],['http://disq.us/t/3twkg5e'],[],0,0,1,[],"['tsla', 'nio', 'xpev', 'nkla', 'qs', 'fsr', 'driv', 'dis', 'dkng', 'spce', 'amzn', 'aapl', 'li', 'graf', 'gm', 'f', 'fcau', 'spwr', 'sedg', 'enph', 'fslr', 'run', 'goog']",https://twitter.com/pandabearchap/status/1345057539428392961,False,,0,,,,,,,,[],,,,
1345055815410061312,1345055815410061312,2021-01-01 17:14:30 UTC,2021-01-01,17:14:30,+0000,716737614771044352,optioncharts,max pain,,$GOOG $XLNX $NFLX options have the largest change in price. Free options screener.  https://t.co/JukBDc0Qlt,en,[],['http://maximum-pain.com/screener/ChangePrice'],[],0,0,0,[],"['goog', 'xlnx', 'nflx']",https://twitter.com/optioncharts/status/1345055815410061312,False,,0,,,,,,,,[],,,,
1345055642441007104,1345055642441007104,2021-01-01 17:13:49 UTC,2021-01-01,17:13:49,+0000,302674240,gzbenso,Big Data: leapfrogging the Marketing Spin ...,,New PlayStation5 and Xbox drive record $6.9billion sales for video games in November $viac $cmcsa $dis $nflx $aapl $t $sne $roku $amzn $disca $lgf $twtr $fox $fb $goog $snap $stx $mgm $quibi $prime $hulu $pluto $tubi $hbo $fb $baba $bidu $iq $twtr $fubo  https://t.co/xHPsW2b7AG,en,[],['https://www.businessinsider.in/tech/news/new-playstation5-and-xbox-drive-record-6-9billion-sales-for-video-games-in-november/articleshow/79975383.cms'],[],0,1,1,[],"['viac', 'cmcsa', 'dis', 'nflx', 'aapl', 't', 'sne', 'roku', 'amzn', 'disca', 'lgf', 'twtr', 'fox', 'fb', 'goog', 'snap', 'stx', 'mgm', 'quibi', 'prime', 'hulu', 'pluto', 'tubi', 'hbo', 'fb', 'baba', 'bidu', 'iq', 'twtr', 'fubo']",https://twitter.com/gzbenso/status/1345055642441007104,False,,0,,,,,,,,[],,,,
1345055220762628096,1345055220762628096,2021-01-01 17:12:09 UTC,2021-01-01,17:12:09,+0000,902044744007737350,pandabearchap,stocktraderpanda,,Rumor: Tesla China-Made Mod...    https://t.co/93r7TqRk0g via @tesmanian_com  $tsla $nio $xpev $nkla $qs $fsr $driv $dis $dkng $spce $amzn $aapl $li $graf $gm $f $fcau $spwr $sedg $enph $fslr $run $goog,in,"[{'screen_name': 'tesmanian_com', 'name': 'tesmanian.com', 'id': '1100520274200416256'}]",['https://www.tesmanian.com/blogs/tesmanian-blog/rumor-tesla-china-made-model-y-surpassed-100k-orders-within-10hrs-of-the-new-pricing-announcement'],[],0,0,0,[],"['tsla', 'nio', 'xpev', 'nkla', 'qs', 'fsr', 'driv', 'dis', 'dkng', 'spce', 'amzn', 'aapl', 'li', 'graf', 'gm', 'f', 'fcau', 'spwr', 'sedg', 'enph', 'fslr', 'run', 'goog']",https://twitter.com/pandabearchap/status/1345055220762628096,False,,0,,,,,,,,[],,,,
1345054067521957890,1345054067521957890,2021-01-01 17:07:34 UTC,2021-01-01,17:07:34,+0000,1122690276143837186,kdlifeisgreat,KD,,End of Dec 2020 update for the portfolio. YTD #TimeWeightedReturn of 78%. Top 10 investments account for ~32% of portfolio:  $AMZN 7.9% $MELI 5.0% $MSFT 3.3% $MA 2.9% $TTD 2.5% $NVDA 2.5% $TWLO 2.1% $FB 2.0% $GOOG/L 2.0% $SE 1.9%,en,[],[],[],0,0,1,['timeweightedreturn'],"['amzn', 'meli', 'msft', 'ma', 'ttd', 'nvda', 'twlo', 'fb', 'goog', 'se']",https://twitter.com/KDLifeisgreat/status/1345054067521957890,False,https://twitter.com/KDLifeisgreat/status/1334698008865345539,0,,,,,,,,[],,,,
1345052127169818625,1345052127169818625,2021-01-01 16:59:51 UTC,2021-01-01,16:59:51,+0000,237930369,alexisoomoz,Alexis Zoomo,,Stocks to watch Jan. 4 thru Jan. 8 $amzn $goog $googl $biol $aytu &amp; $TURN 180¬∞ Capital Corp. the catalyst  https://t.co/MbzO6bgqGF,en,[],['https://ir.180degreecapital.com/press-releases'],[],0,0,0,[],"['amzn', 'goog', 'googl', 'biol', 'aytu', 'turn']",https://twitter.com/Alexisoomoz/status/1345052127169818625,False,,0,,,,,,,,[],,,,
1345046147304308738,1345046147304308738,2021-01-01 16:36:05 UTC,2021-01-01,16:36:05,+0000,15668846,moez,Moez,,2020 Low vs High: Tesla $TSLA: +1025% Moderna $MRNA: +1010% Peloton $PLTN: +946% Zoom $ZM: +895% Square $SQ: +753% Bitcoin: +751% Apple $APPL: +261% Amazon $AMZN: +218% Nasdaq 100 $QQQ: +191% Microsoft $MSFT: +176% Google $GOOG: 182% S&amp;P $SPY: +173%,en,[],[],[],0,0,6,[],"['tsla', 'mrna', 'pltn', 'zm', 'sq', 'appl', 'amzn', 'qqq', 'msft', 'goog', 'spy']",https://twitter.com/moez/status/1345046147304308738,False,,0,,,,,,,,[],,,,
1345036154307895298,1345036154307895298,2021-01-01 15:56:23 UTC,2021-01-01,15:56:23,+0000,1277450610116161539,mrangelo234,Angelo Hunter,,"My Portfolio as of Jan 1st! 2021 will be awesome üòé  $LMND 55.62% $TSLA 21.36% $SQ 3.99% $PLTR 3.08% $SHOP 2.70% $PLNHF 2.23% $SNAP 1.99 % $FB 1.96% $TDOC 1.91% $SPOT 1.5% $UPWK 1.37% $GOOG 1.4% $ABNB 0.7% $ARKG 0.15%  Going to build $ABNB, $ARKG, $TDOC, and $SHOP throughout 2021",en,[],[],[],0,0,5,[],"['lmnd', 'tsla', 'sq', 'pltr', 'shop', 'plnhf', 'snap', 'fb', 'tdoc', 'spot', 'upwk', 'goog', 'abnb', 'arkg', 'abnb', 'arkg', 'tdoc', 'shop']",https://twitter.com/MrAngelo234/status/1345036154307895298,False,,0,,,,,,,,[],,,,
1345033393390702593,1345033393390702593,2021-01-01 15:45:25 UTC,2021-01-01,15:45:25,+0000,1273320500215926785,notdumbmoney,Not Dumb Money,,"Here‚Äôs what my portfolio looked like when markets closed yesterday. Considering what we‚Äôve been through in 2020, I am satisfied $AAPL $AMZN $BRK.B $DIS $EA $FB $GOOG $MSFT $NVDA $TSLA  https://t.co/IQOLCttJCO",en,[],[],['https://pbs.twimg.com/media/EqqEvUlXMAE75zw.jpg'],0,0,2,[],"['aapl', 'amzn', 'brk.b', 'dis', 'ea', 'fb', 'goog', 'msft', 'nvda', 'tsla']",https://twitter.com/notdumbmoney/status/1345033393390702593,False,,1,https://pbs.twimg.com/media/EqqEvUlXMAE75zw.jpg,,,,,,,[],,,,
1345030099360473088,1345030099360473088,2021-01-01 15:32:19 UTC,2021-01-01,15:32:19,+0000,909753109,dag_investments,DAG_Investments,,"1/5 These are our current actively-managed holdings (minus ETFs/MutFs, etc.) $AMZN $BEPC (from $TERP) $BX $CGNX $CVS (from $AET) $EHC $GOOG $J $KR $LOW $MDT $RJF $RUN (from $VSLR) $SMG $VZ $XYL. This only updates ticker changes from M&amp;A, not recent new positions (see next tweet).",en,[],[],[],2,0,9,[],"['amzn', 'bepc', 'terp', 'bx', 'cgnx', 'cvs', 'aet', 'ehc', 'goog', 'j', 'kr', 'low', 'mdt', 'rjf', 'run', 'vslr', 'smg', 'vz', 'xyl']",https://twitter.com/DAG_Investments/status/1345030099360473088,False,,0,,,,,,,,[],,,,
1345029096540090368,1345029096540090368,2021-01-01 15:28:20 UTC,2021-01-01,15:28:20,+0000,1238932268346945537,vhinnyinvesting,Vhinny,,Portfolio Modeling: Major Tech Stocks $AAPL $AMZN $MSFT $NFLX $FB $GOOG  https://t.co/zcA1HEiWae,en,[],['https://www.vhinny.com/portfolio/?id=exusca4i82?utm_source=twitter&utm_medium=referral&utm_campaign=?id=exusca4i82'],[],0,0,0,[],"['aapl', 'amzn', 'msft', 'nflx', 'fb', 'goog']",https://twitter.com/VhinnyInvesting/status/1345029096540090368,False,,0,,,,,,,,[],,,,
1345028627235278850,1345028627235278850,2021-01-01 15:26:28 UTC,2021-01-01,15:26:28,+0000,902044744007737350,pandabearchap,stocktraderpanda,,$tsla $nio $xpev $nkla $qs $fsr $driv $dis $dkng $spce $amzn $aapl $li $graf $gm $f $fcau $spwr $sedg $enph $fslr $run $goog,in,[],[],[],0,0,0,[],"['tsla', 'nio', 'xpev', 'nkla', 'qs', 'fsr', 'driv', 'dis', 'dkng', 'spce', 'amzn', 'aapl', 'li', 'graf', 'gm', 'f', 'fcau', 'spwr', 'sedg', 'enph', 'fslr', 'run', 'goog']",https://twitter.com/pandabearchap/status/1345028627235278850,False,https://twitter.com/SawyerMerritt/status/1344832617615659009,0,,,,,,,,[],,,,
1345026076771295239,1345026076771295239,2021-01-01 15:16:20 UTC,2021-01-01,15:16:20,+0000,902044744007737350,pandabearchap,stocktraderpanda,,Tesla updates interior design of Model Y electric SUV    https://t.co/tUzsj48vUp via @FredericLambert $tsla $nio $xpev $nkla $qs $fsr $driv $dis $dkng $spce $amzn $aapl $li $graf $gm $f $fcau $spwr $sedg $enph $fslr $run $goog,in,"[{'screen_name': 'fredericlambert', 'name': 'fred lambert', 'id': '38253449'}]",['https://electrek.co/2021/01/01/tesla-updates-interior-design-model-y-electric-suv/'],[],0,0,1,[],"['tsla', 'nio', 'xpev', 'nkla', 'qs', 'fsr', 'driv', 'dis', 'dkng', 'spce', 'amzn', 'aapl', 'li', 'graf', 'gm', 'f', 'fcau', 'spwr', 'sedg', 'enph', 'fslr', 'run', 'goog']",https://twitter.com/pandabearchap/status/1345026076771295239,False,,0,,,,,,,,[],,,,
1345025835301003264,1344779790679564288,2021-01-01 15:15:23 UTC,2021-01-01,15:15:23,+0000,1038088055150850048,crazybigriver1,Crazy Big River,,"@nikitabier Interesting. Lots could be debated about. Just remind me that these 4 Indian background CEOs from $MSFT, $MA, $ADBE and $GOOG, if I guess right they all A type. And three of them came from same school.",en,[],[],[],0,0,1,[],"['msft', 'ma', 'adbe', 'goog']",https://twitter.com/CrazyBigRiver1/status/1345025835301003264,False,,0,,,,,,,,"[{'screen_name': 'nikitabier', 'name': 'Nikita Bier', 'id': '636513296'}]",,,,
1345024143075532800,1345023290113478656,2021-01-01 15:08:39 UTC,2021-01-01,15:08:39,+0000,1295888643287121921,nomadbullstreet,International Investors Intelligence Group,,Check out the giveaway above üó£üí∞!   Free $250 and (4) trial memberships  $CTRM $STNG $GRIN $SHIP $TOPS  $MSFT $CSCO $GOOG $AMZN $FB  $luv $ual $dal $jblu $save  $nkla $spce $tsla $nio $fcel $FMCI $LCA $OPES $CCH $HCCH  $wkhs $avav $uavs $visl $amzn  $ARCT $BLFS $TWST $CRSP $EDIT,en,[],[],[],1,0,2,[],"['ctrm', 'stng', 'grin', 'ship', 'tops', 'msft', 'csco', 'goog', 'amzn', 'fb', 'luv', 'ual', 'dal', 'jblu', 'save', 'nkla', 'spce', 'tsla', 'nio', 'fcel', 'fmci', 'lca', 'opes', 'cch', 'hcch', 'wkhs', 'avav', 'uavs', 'visl', 'amzn', 'arct', 'blfs', 'twst', 'crsp', 'edit']",https://twitter.com/Nomadbullstreet/status/1345024143075532800,False,,0,,,,,,,,[],,,,
1345022808141815808,1345022808141815808,2021-01-01 15:03:21 UTC,2021-01-01,15:03:21,+0000,902044744007737350,pandabearchap,stocktraderpanda,,Tesla TSLA Q4 Could Stun Wa...    https://t.co/XkpInLZoCJ via @tesmanian_com $tsla $nio $xpev $nkla $qs $fsr $driv $dis $dkng $spce $amzn $aapl $li $graf $gm $f $fcau $spwr $sedg $enph $fslr $run $goog,in,"[{'screen_name': 'tesmanian_com', 'name': 'tesmanian.com', 'id': '1100520274200416256'}]",['https://www.tesmanian.com/blogs/tesmanian-blog/wedbush-expects-teslas-q4-deliveries-to-approach-190-000-200-000-vehicles'],[],0,0,0,[],"['tsla', 'nio', 'xpev', 'nkla', 'qs', 'fsr', 'driv', 'dis', 'dkng', 'spce', 'amzn', 'aapl', 'li', 'graf', 'gm', 'f', 'fcau', 'spwr', 'sedg', 'enph', 'fslr', 'run', 'goog']",https://twitter.com/pandabearchap/status/1345022808141815808,False,,0,,,,,,,,[],,,,
1345021743841357827,1344728589221076992,2021-01-01 14:59:07 UTC,2021-01-01,14:59:07,+0000,36979366,cmircea,DDGrowthInvestor,,@jablamsky $DOCU $NOW $GOOG  $OKTA,en,[],[],[],0,0,1,[],"['docu', 'now', 'goog', 'okta']",https://twitter.com/cmircea/status/1345021743841357827,False,,0,,,,,,,,"[{'screen_name': 'jablamsky', 'name': 'Jessica Ablamsky', 'id': '155568933'}]",,,,
1345013868322578434,1345013868322578434,2021-01-01 14:27:50 UTC,2021-01-01,14:27:50,+0000,1295888643287121921,nomadbullstreet,International Investors Intelligence Group,,"ü•≥ Happy 2021 Everyone, wishing everyone nothing but success, good health and financial freedom in 2021. Just because the market is closed today, doesn‚Äôt mean I am. Will be posting some buy alerts today today  $CTRM $STNG $GRIN $SHIP $TOPS  $MSFT $CSCO $GOOG $AMZN $FB  $luv $ual",en,[],[],[],1,3,6,[],"['ctrm', 'stng', 'grin', 'ship', 'tops', 'msft', 'csco', 'goog', 'amzn', 'fb', 'luv', 'ual']",https://twitter.com/Nomadbullstreet/status/1345013868322578434,False,,0,,,,,,,,[],,,,
1345012383849345024,1345012383849345024,2021-01-01 14:21:56 UTC,2021-01-01,14:21:56,+0000,741967111,bway79,Bradley Smith,,Portfolio Top 10 update: $AMZN 20.80% $AAPL 12.90% $SQ 7.23% $CHWY 6.04% $FB 5.45% $SBUX 4.67% $ROKU 4.29% $MSFT 3.77% $GOOG 3.21% $TGT 3.21%  Knocking on top 10 Door: $MA $TCEHY $MELI $DOCU  Looking to start positions in 2021 $SE $MTCH,en,[],[],[],0,2,5,[],"['amzn', 'aapl', 'sq', 'chwy', 'fb', 'sbux', 'roku', 'msft', 'goog', 'tgt', 'ma', 'tcehy', 'meli', 'docu', 'se', 'mtch']",https://twitter.com/bway79/status/1345012383849345024,False,,0,,,,,,,,[],,,,
1345012253662310400,1345012253662310400,2021-01-01 14:21:25 UTC,2021-01-01,14:21:25,+0000,1299899736476905473,floppydiskst,floppydisk,,$AMZN is the most innovative technology company followed by $GOOG in recent years. Please don‚Äôt compare them with $TSLA. There will be 100 different EVs to choose from soon. The ‚ÄúTesla Advantage‚Äù is disappearing.,en,[],[],[],0,0,0,[],"['amzn', 'goog', 'tsla']",https://twitter.com/floppydiskst/status/1345012253662310400,False,,0,,,,,,,,[],,,,
1345010664755130368,1345010664755130368,2021-01-01 14:15:06 UTC,2021-01-01,14:15:06,+0000,702585281,libertyrpf,Liberty üíöü•É,,"72: The Ethics of Google‚Äôs Core Business, CPUs of Spacecrafts, Amazon Buys Wondery + My Thoughts on Podcasting, EV Battery Degradation, Excel, and Tenet $GOOG $AMZN $SPOT $TSLA  https://t.co/FgRFNamHd5",en,[],['https://libertyrpf.substack.com/p/72-the-ethics-of-googles-core-business'],[],3,1,13,[],"['goog', 'amzn', 'spot', 'tsla']",https://twitter.com/LibertyRPF/status/1345010664755130368,False,,0,,,,,,,,[],,,,
1345010655284363264,1345010655284363264,2021-01-01 14:15:03 UTC,2021-01-01,14:15:03,+0000,3777758008,markvin54037090,Mark Vincent,,"$GOOG, $AMZN, $FB and $AAPL have spent a combined total of $54.5 million in the past year for lobbying on D.C. The data tracked by the Center for Responsive Politics shows that the expense is up 35% from 2015 and nearly 500% compared to 2010. #apple #center  https://t.co/pswK6Lt4cr",en,[],[],['https://pbs.twimg.com/media/EqpwEDPXUAAOdjl.jpg'],0,2,2,"['apple', 'center']","['goog', 'amzn', 'fb', 'aapl']",https://twitter.com/MarkVin54037090/status/1345010655284363264,False,,1,https://pbs.twimg.com/media/EqpwEDPXUAAOdjl.jpg,,,,,,,[],,,,
1345001267072958464,1345001267072958464,2021-01-01 13:37:45 UTC,2021-01-01,13:37:45,+0000,1345000644671807488,raxx43471769,raxx,,$BTC $ETH $LINK $XTZ $ADA $VET $KNC $SXP $TWTR $ES $JD $BABA $BIDU $TME  $SPY $QQQ $DIS $TSLA $SHOP $AMD $AAPL $SQ $AMZN  $EA $SEDG $MA $V $KO $PYPL $RCL $GOOG $NKLA $DKNG $HD $ROKU $NFLX $FB  $GLD $VXX $MSFT  Thanks to the discord group for the traders üôè  https://t.co/D8Iswv6epY  https://t.co/PbgzighNdM,en,[],['https://discord.gg/ekNGZzu'],['https://pbs.twimg.com/media/EqpnbinUYAA-bWv.jpg'],0,0,0,[],"['btc', 'eth', 'link', 'xtz', 'ada', 'vet', 'knc', 'sxp', 'twtr', 'es', 'jd', 'baba', 'bidu', 'tme', 'spy', 'qqq', 'dis', 'tsla', 'shop', 'amd', 'aapl', 'sq', 'amzn', 'ea', 'sedg', 'ma', 'v', 'ko', 'pypl', 'rcl', 'goog', 'nkla', 'dkng', 'hd', 'roku', 'nflx', 'fb', 'gld', 'vxx', 'msft']",https://twitter.com/raxx43471769/status/1345001267072958464,False,,1,https://pbs.twimg.com/media/EqpnbinUYAA-bWv.jpg,,,,,,,[],,,,
1345000008479690752,1344999996383399940,2021-01-01 13:32:45 UTC,2021-01-01,13:32:45,+0000,1314293668505767936,collegeinvestr,Jamie Louko,,Step 11.   I need to add that $MGNI competes with HUGE companies like $AMZN and $GOOG when it comes to advertising. These companies are big enough to do their own advertising on their own sites and do not need to use $MGNI and they can do it for cheaper  This poses a big threat,en,[],[],[],2,0,0,[],"['mgni', 'amzn', 'goog', 'mgni']",https://twitter.com/CollegeInvestr/status/1345000008479690752,False,,0,,,,,,,,[],,,,
1344992103227645952,1344992103227645952,2021-01-01 13:01:20 UTC,2021-01-01,13:01:20,+0000,1218312549973680128,stockbot0001,StockBot0001,,$GOOG Twitter Sentiment on 31 Dec 2020 was: ‚ñí Positive 42.5% ‚ñà Negative 10.8% ‚ñë Neutral 46.6% ‚ñí‚ñí‚ñí‚ñí‚ñí‚ñí‚ñí‚ñí‚ñí‚ñà‚ñà‚ñë‚ñë‚ñë‚ñë‚ñë‚ñë‚ñë‚ñë‚ñë,en,[],[],[],0,0,0,[],['goog'],https://twitter.com/StockBot0001/status/1344992103227645952,False,,0,,,,,,,,[],,,,
1344991190375157760,1344991190375157760,2021-01-01 12:57:43 UTC,2021-01-01,12:57:43,+0000,1299899736476905473,floppydiskst,floppydisk,,$AAPL $AMZN $GOOG ecosystems of these companies have no real competition and their technology reach is highly embedded in modern day lives. $TSLA the first EV maker is losing ground to its competition and yet to be making high $$$. The story will not end well for investors.,en,[],[],[],0,1,0,[],"['aapl', 'amzn', 'goog', 'tsla']",https://twitter.com/floppydiskst/status/1344991190375157760,False,,0,,,,,,,,[],,,,
1344980955639984128,1344980955639984128,2021-01-01 12:17:03 UTC,2021-01-01,12:17:03,+0000,724612034684424192,leverageshares,Leverage Shares ETPs,,"We bet everyone had been waiting for #2020 to end... well, wishing you a happy &amp; prosperous #NewYear2021, may all your investments surge! - The next $TSLA, $AMZN, or $GOOG might be just around the corner, what are your trading resolutions for the upcoming year? @LeverageShares  https://t.co/v6Ibyu5404",en,"[{'screen_name': 'leverageshares', 'name': 'leverage shares etps', 'id': '724612034684424192'}]",[],['https://pbs.twimg.com/tweet_video_thumb/EqpTo-AXcAARMFW.jpg'],0,0,2,['newyear2021'],"['tsla', 'amzn', 'goog']",https://twitter.com/LeverageShares/status/1344980955639984128,False,,1,https://pbs.twimg.com/tweet_video_thumb/EqpTo-AXcAARMFW.jpg,,,,,,,[],,,,
1344976412273483777,1344976412273483777,2021-01-01 11:58:59 UTC,2021-01-01,11:58:59,+0000,960246316776476673,mattpourzand,Matt Pourzand ŸÖŸáÿØ€å,,2020 Performanceü™ô started accumulating end of September 2020 so only 4months.  Stocks Portfolio (Long Only-ISA): +35.67%  My best performers: $MSTR $MP $PAAS $ESTC $GOOG Worst: $TRVNA $NEM  My plan for 2021 is to achive this diversified portfolio which I'm still working on it.  https://t.co/X0qCvvzAtR,en,[],[],['https://pbs.twimg.com/media/EqpOdeZXUAAVHba.png'],0,1,5,[],"['mstr', 'mp', 'paas', 'estc', 'goog', 'trvna', 'nem']",https://twitter.com/MattPourzand/status/1344976412273483777,False,,1,https://pbs.twimg.com/media/EqpOdeZXUAAVHba.png,,,,,,,[],,,,
1344971732621385728,1344971732621385728,2021-01-01 11:40:24 UTC,2021-01-01,11:40:24,+0000,1025030377642098688,cognitionai,CognitionAI,,Square and PayPal Shouldn't Fear Google's Fintech Push @themotleyfool #stocks $GOOGL $GOOG $AAPL $PIPR $PYPL $SQ  https://t.co/IIo7InpUhR,en,"[{'screen_name': 'themotleyfool', 'name': 'the motley fool', 'id': '15568127'}]",['https://www.fool.com/investing/2020/12/31/square-and-paypal-shouldnt-fear-googles-fintech-pu/'],[],0,0,1,['stocks'],"['googl', 'goog', 'aapl', 'pipr', 'pypl', 'sq']",https://twitter.com/CognitionAI/status/1344971732621385728,False,,0,,,,,,,,[],,,,
1344947989463269377,1344947989463269377,2021-01-01 10:06:03 UTC,2021-01-01,10:06:03,+0000,1274494800,kirentanna,Kiren Tanna,,Oh the laggards : $goog $msft $fb 'only 30-40%' gain,en,[],[],[],0,0,2,[],"['goog', 'msft', 'fb']",https://twitter.com/kirentanna/status/1344947989463269377,False,https://twitter.com/JonErlichman/status/1344677916207177731,0,,,,,,,,[],,,,
1344935651511304193,1344780847518507010,2021-01-01 09:17:01 UTC,2021-01-01,09:17:01,+0000,552072914,silverhardt8,Jimmy Bluechips üÉè,,@JBoorstin YouTubeTV is a totally undervalued product $GOOGL $GOOG,en,[],[],[],0,0,0,[],"['googl', 'goog']",https://twitter.com/Silverhardt8/status/1344935651511304193,False,,0,,,,,,,,"[{'screen_name': 'JBoorstin', 'name': 'Julia Boorstin', 'id': '24266406'}]",,,,
1344935162291884034,1344935162291884034,2021-01-01 09:15:05 UTC,2021-01-01,09:15:05,+0000,14162740,jchengery,Joe Chengery,,"While #Google has not announced any #visualsearch #adproducts yet, it's likely those will happen when visual search becomes more established, #AR elements may be incorporated into them. #digitalmarketing #ecommerce #mcommerce #retail #mobilemarketing #ARMarketing $AAPL $GOOG",en,[],[],[],0,0,0,"['google', 'visualsearch', 'adproducts', 'ar', 'digitalmarketing', 'ecommerce', 'mcommerce', 'retail', 'mobilemarketing', 'armarketing']","['aapl', 'goog']",https://twitter.com/jchengery/status/1344935162291884034,False,,0,,,,,,,,[],,,,
1344932652000940033,1344932652000940033,2021-01-01 09:05:06 UTC,2021-01-01,09:05:06,+0000,14162740,jchengery,Joe Chengery,,"#VisualSearch lets users identify items/places w their cameras, offers info/links - also expanding; #Google said its visual search tool, #Lens, can identify 15B objects in Oct (vs 1B in 2018). #digitalmarketing #ecommerce #mcommerce #mobilemarketing #ARMarketing $AAPL $GOOG",en,[],[],[],0,0,0,"['visualsearch', 'google', 'lens', 'digitalmarketing', 'ecommerce', 'mcommerce', 'mobilemarketing', 'armarketing']","['aapl', 'goog']",https://twitter.com/jchengery/status/1344932652000940033,False,,0,,,,,,,,[],,,,
1344931963824574464,1344922520466587648,2021-01-01 09:02:22 UTC,2021-01-01,09:02:22,+0000,1335594854781386756,piro08195844,Piro,,Âπ¥Êú´„Å´ARK„Å´ÂÖ•„Çå„Åü„ÇâÈ´òÂÄ§„Å•„Åã„Åø„ÅßÂà©ÁõäÈ£õ„Çì„Åß„Åó„Åæ„Å£„Åü„Åë„Å©üí¶  ‰ªäÂπ¥Â∫¶„Å´ÊúüÂæÖ„Åó„Å¶üôè  My PF ‰∏≠Èï∑Êúü  $ARKK $ARKG $VIG $VOO $VTWG (1:1) $SMH $CXSE $GOOG $AAPL  $IZRL $EIDO $VWO  Áü≠Êúü-‰∏≠Êúü(Ê±∫ÁÆóÂæÖ„Å°) $ETSY $ZM  $SAIL $MIME   HOLD? $MGNI $MTCH  $BABA JAL„ÅßÁõ∏ÊÆ∫‰∫àÂÆö‚úàÔ∏è,ja,[],[],[],0,0,0,[],"['arkk', 'arkg', 'vig', 'voo', 'vtwg', 'smh', 'cxse', 'goog', 'aapl', 'izrl', 'eido', 'vwo', 'etsy', 'zm', 'sail', 'mime', 'mgni', 'mtch', 'baba']",https://twitter.com/Piro08195844/status/1344931963824574464,False,,0,,,,,,,,[],,,,
1344927766215536641,1344754165671718914,2021-01-01 08:45:41 UTC,2021-01-01,08:45:41,+0000,59621777,fijitime71,Stefano Gentile,,@dhaval_kotecha $AAPL - 40% $NFLX - 10% $BTC - 9% $TSLA - 8% $AMZN - 7% $GOOG - 6% $NVDA - 6% $AMD - 6% $FB - 5% Others - 3%,en,[],[],[],0,0,3,[],"['aapl', 'nflx', 'btc', 'tsla', 'amzn', 'goog', 'nvda', 'amd', 'fb']",https://twitter.com/fijitime71/status/1344927766215536641,False,,0,,,,,,,,"[{'screen_name': 'dhaval_kotecha', 'name': 'Dhaval Kotecha', 'id': '60659933'}]",,,,
1344917142530101251,1344917142530101251,2021-01-01 08:03:28 UTC,2021-01-01,08:03:28,+0000,4874962780,sjoerdapp,sjoerdapp,,"üîçGoogle pilots a feature that aggregates short-form videos from TikTok, Instagram:  https://t.co/F3pPYO1prm #google $GOOG $GOOGL #alphabet #TechNews #tech @google #digitaltransformation  https://t.co/Hq8IshQJun",en,"[{'screen_name': 'google', 'name': 'google', 'id': '20536157'}]",['https://on.sjoerd.app/3pE5Qr1'],['https://pbs.twimg.com/media/EqobA7rW4AAWg11.jpg'],0,1,0,"['google', 'alphabet', 'technews', 'tech', 'digitaltransformation']","['goog', 'googl']",https://twitter.com/sjoerdapp/status/1344917142530101251,False,,1,https://pbs.twimg.com/media/EqobA7rW4AAWg11.jpg,,,,,,,[],,,,
1344898934905450496,1344898934905450496,2021-01-01 06:51:07 UTC,2021-01-01,06:51:07,+0000,902044744007737350,pandabearchap,stocktraderpanda,,$tsla $nio $xpev $nkla $qs $fsr $driv $dis $dkng $spce $amzn $aapl $li $graf $gm $f $fcau $spwr $sedg $enph $fslr $run $goog,in,[],[],[],0,0,2,[],"['tsla', 'nio', 'xpev', 'nkla', 'qs', 'fsr', 'driv', 'dis', 'dkng', 'spce', 'amzn', 'aapl', 'li', 'graf', 'gm', 'f', 'fcau', 'spwr', 'sedg', 'enph', 'fslr', 'run', 'goog']",https://twitter.com/pandabearchap/status/1344898934905450496,False,https://twitter.com/Vancity_Tesla/status/1344882604130979841,0,,,,,,,,[],,,,
1344898850063069184,1344898850063069184,2021-01-01 06:50:47 UTC,2021-01-01,06:50:47,+0000,902044744007737350,pandabearchap,stocktraderpanda,,$tsla $nio $xpev $nkla $qs $fsr $driv $dis $dkng $spce $amzn $aapl $li $graf $gm $f $fcau $spwr $sedg $enph $fslr $run $goog,in,[],[],[],0,0,0,[],"['tsla', 'nio', 'xpev', 'nkla', 'qs', 'fsr', 'driv', 'dis', 'dkng', 'spce', 'amzn', 'aapl', 'li', 'graf', 'gm', 'f', 'fcau', 'spwr', 'sedg', 'enph', 'fslr', 'run', 'goog']",https://twitter.com/pandabearchap/status/1344898850063069184,False,https://twitter.com/DriveTeslaca/status/1344881245751111686,0,,,,,,,,[],,,,
1344898668084736001,1344898668084736001,2021-01-01 06:50:04 UTC,2021-01-01,06:50:04,+0000,902044744007737350,pandabearchap,stocktraderpanda,,$tsla $nio $xpev $nkla $qs $fsr $driv $dis $dkng $spce $amzn $aapl $li $graf $gm $f $fcau $spwr $sedg $enph $fslr $run $goog,in,[],[],[],0,0,0,[],"['tsla', 'nio', 'xpev', 'nkla', 'qs', 'fsr', 'driv', 'dis', 'dkng', 'spce', 'amzn', 'aapl', 'li', 'graf', 'gm', 'f', 'fcau', 'spwr', 'sedg', 'enph', 'fslr', 'run', 'goog']",https://twitter.com/pandabearchap/status/1344898668084736001,False,https://twitter.com/garyblack00/status/1344892743601053697,0,,,,,,,,[],,,,
1344898592092381186,1344898592092381186,2021-01-01 06:49:46 UTC,2021-01-01,06:49:46,+0000,902044744007737350,pandabearchap,stocktraderpanda,,$tsla $nio $xpev $nkla $qs $fsr $driv $dis $dkng $spce $amzn $aapl $li $graf $gm $f $fcau $spwr $sedg $enph $fslr $run $goog,in,[],[],[],0,0,0,[],"['tsla', 'nio', 'xpev', 'nkla', 'qs', 'fsr', 'driv', 'dis', 'dkng', 'spce', 'amzn', 'aapl', 'li', 'graf', 'gm', 'f', 'fcau', 'spwr', 'sedg', 'enph', 'fslr', 'run', 'goog']",https://twitter.com/pandabearchap/status/1344898592092381186,False,https://twitter.com/ray4tesla/status/1344856187477475329,0,,,,,,,,[],,,,
1344898504125280256,1344898504125280256,2021-01-01 06:49:25 UTC,2021-01-01,06:49:25,+0000,902044744007737350,pandabearchap,stocktraderpanda,,$tsla $nio $xpev $nkla $qs $fsr $driv $dis $dkng $spce $amzn $aapl $li $graf $gm $f $fcau $spwr $sedg $enph $fslr $run $goog,in,[],[],[],0,0,1,[],"['tsla', 'nio', 'xpev', 'nkla', 'qs', 'fsr', 'driv', 'dis', 'dkng', 'spce', 'amzn', 'aapl', 'li', 'graf', 'gm', 'f', 'fcau', 'spwr', 'sedg', 'enph', 'fslr', 'run', 'goog']",https://twitter.com/pandabearchap/status/1344898504125280256,False,https://twitter.com/woodhaus2/status/1344804566827638786,0,,,,,,,,[],,,,
1344887946961424385,1344887946961424385,2021-01-01 06:07:28 UTC,2021-01-01,06:07:28,+0000,1278498195375562752,ghostin_yu,Edward H. Collado,,$AAPL $AMZN $FB $GOOG $TSLA   Happy New Years to Everyone! Thank you followers and friend üòáüíú I hope in 2021 we can all continue to grow and accumulate this heavy bag of gains! Stay up friend and let‚Äôs make our pockets great! Happy 2021!,en,[],[],[],0,0,1,[],"['aapl', 'amzn', 'fb', 'goog', 'tsla']",https://twitter.com/ghostin_yu/status/1344887946961424385,False,,0,,,,,,,,[],,,,
1344878155320893442,1344878155320893442,2021-01-01 05:28:33 UTC,2021-01-01,05:28:33,+0000,1338044673860935680,mimiru_usstock,„Åø„Åø„Çã@Á±≥ÂõΩÊ†™ÊäïË≥áüá∫üá∏,,Êò®Âπ¥„ÅÆFANG+Œ±  „ÄêÂπ¥ÈñìÈ®∞ËêΩ„Äë2020 $FB „Éï„Çß„Ç§„Çπ„Éñ„ÉÉ„ÇØ +33% $AAPL „Ç¢„ÉÉ„Éó„É´ +81% $AMZN „Ç¢„Éû„Çæ„É≥ +76% $NFLX „Éç„ÉÉ„Éà„Éï„É™„ÉÉ„ÇØ„Çπ +67% $GOOG „Ç¢„É´„Éï„Ç°„Éô„ÉÉ„Éà +31%  NY„ÉÄ„Ç¶  +7.3%   sp500  +16.3%   „Éä„Çπ +43.6%    „Ç≥„É≠„ÉäÁ¶ç„Åß„Ç∑„Çß„Ç¢„ÅÇ„ÇãÂ∑®Â§ßIT„Åå‰∏äÊòá„ÇíÁâΩÂºï  „Å∂„Å£„Å°„Åé„Çä„ÅÆ $TSLA „ÉÜ„Çπ„É©+740%  #Á±≥ÂõΩÊ†™,ja,[],[],[],0,1,4,['Á±≥ÂõΩÊ†™'],"['fb', 'aapl', 'amzn', 'nflx', 'goog', 'tsla']",https://twitter.com/mimiru_usstock/status/1344878155320893442,False,,0,,,,,,,,[],,,,
1344875133853335552,1344875133853335552,2021-01-01 05:16:33 UTC,2021-01-01,05:16:33,+0000,1089978712685273090,stock_market_pr,Stock Market News,,$GOOGL $GOOG BERT ‚Äì Future Proof Your SEO ‚Äì Qamar Zaman Dallas SEO Explains ‚Äì your Website in 2021  https://t.co/ZB67hBQGjh #StockMarket,en,[],['http://dlvr.it/RpjHzT'],[],0,0,0,['stockmarket'],"['googl', 'goog']",https://twitter.com/Stock_Market_Pr/status/1344875133853335552,False,,0,,,,,,,,[],,,,
1344868352012005376,1344728589221076992,2021-01-01 04:49:36 UTC,2021-01-01,04:49:36,+0000,1261685540388245509,undercoverscalp,undercoverscalper,,@jablamsky $TTD $DIS $TGT $NFLX $GOOG,in,[],[],[],1,0,1,[],"['ttd', 'dis', 'tgt', 'nflx', 'goog']",https://twitter.com/undercoverscalp/status/1344868352012005376,False,,0,,,,,,,,"[{'screen_name': 'jablamsky', 'name': 'Jessica Ablamsky', 'id': '155568933'}]",,,,
1344867555412901888,1344867555412901888,2021-01-01 04:46:26 UTC,2021-01-01,04:46:26,+0000,302674240,gzbenso,Big Data: leapfrogging the Marketing Spin ...,,‚ÄòWonder Woman 1984‚Äô Clicks Past $100M WW Box Office ‚Äì  $viac $cmcsa $dis $nflx $aapl $t $sne $roku $amzn $disca $lgf $twtr $fox $fb $goog $snap $stx $mgm $quibi $prime $hulu $pluto $tubi $hbo $fb $baba $bidu $iq $twtr $fubo  https://t.co/4h66FqZEfv,en,[],['https://deadline-com.cdn.ampproject.org/c/s/deadline.com/2020/12/wonder-woman-1984-100-million-worldwide-box-office-1234663766/amp/'],[],0,1,2,[],"['viac', 'cmcsa', 'dis', 'nflx', 'aapl', 't', 'sne', 'roku', 'amzn', 'disca', 'lgf', 'twtr', 'fox', 'fb', 'goog', 'snap', 'stx', 'mgm', 'quibi', 'prime', 'hulu', 'pluto', 'tubi', 'hbo', 'fb', 'baba', 'bidu', 'iq', 'twtr', 'fubo']",https://twitter.com/gzbenso/status/1344867555412901888,False,,0,,,,,,,,[],,,,
1344867163413360640,1344867163413360640,2021-01-01 04:44:52 UTC,2021-01-01,04:44:52,+0000,257805760,bpgag,Anacott Steel,,Happy New Year 2021. Cheers. | $FB $AMZN $AAPL $NFLX $GOOG $TSLA #Tesla $UBER $TWTR $SNAP $MA $V $CURL #curaleaf #CannabisCommunity #HAPPYNEWYEAR #HappyNewYear2021 #Bye2020 #NewYear2021 #NewYearsResolutions #NewYearsEve #NewYear #NewYearsRockinEve¬†¬†¬†¬†¬†¬†¬†¬†#x #BTC,en,[],[],[],2,0,1,"['tesla', 'curaleaf', 'cannabiscommunity', 'happynewyear', 'happynewyear2021', 'bye2020', 'newyear2021', 'newyearsresolutions', 'newyearseve', 'newyear', 'newyearsrockineve', 'x', 'btc']","['fb', 'amzn', 'aapl', 'nflx', 'goog', 'tsla', 'uber', 'twtr', 'snap', 'ma', 'v', 'curl']",https://twitter.com/BPGAG/status/1344867163413360640,False,https://twitter.com/BPGAG/status/1344862645468467200,0,,,,,,,,[],,,,
1344866894839353344,1344866894839353344,2021-01-01 04:43:48 UTC,2021-01-01,04:43:48,+0000,302674240,gzbenso,Big Data: leapfrogging the Marketing Spin ...,,Tesco tops list of firms who failed to pay staff the minimum wage $viac $cmcsa $dis $nflx $aapl $t $sne $roku $amzn $disca $lgf $twtr $fox $fb $goog $snap $stx $mgm $quibi $prime $hulu $pluto $tubi $hbo $fb $baba $bidu $iq $twtr $fubo  https://t.co/nEgD40ealg,en,[],['https://www.dailymail.co.uk/news/article-9099839/Tesco-tops-list-firms-failed-pay-staff-minimum-wage.html'],[],0,1,1,[],"['viac', 'cmcsa', 'dis', 'nflx', 'aapl', 't', 'sne', 'roku', 'amzn', 'disca', 'lgf', 'twtr', 'fox', 'fb', 'goog', 'snap', 'stx', 'mgm', 'quibi', 'prime', 'hulu', 'pluto', 'tubi', 'hbo', 'fb', 'baba', 'bidu', 'iq', 'twtr', 'fubo']",https://twitter.com/gzbenso/status/1344866894839353344,False,,0,,,,,,,,[],,,,
1344865814625841153,1344513332926144513,2021-01-01 04:39:31 UTC,2021-01-01,04:39:31,+0000,54031422,bubbleoutcas,Jason,,@CoppelReal @LearningJason @TheRealKennard @PayingPremium $GM $GOOG $ADYEY,en,[],[],[],0,0,2,[],"['gm', 'goog', 'adyey']",https://twitter.com/bubbleoutcas/status/1344865814625841153,False,,0,,,,,,,,"[{'screen_name': 'CoppelReal', 'name': 'realLuisCoppel', 'id': '1175538879514009601'}, {'screen_name': 'LearningJason', 'name': 'Jason', 'id': '1219727324356272134'}, {'screen_name': 'TheRealKennard', 'name': 'kennard', 'id': '24984886'}, {'screen_name': 'PayingPremium', 'name': 'PayingPremium', 'id': '1247885967781838868'}]",,,,
1344865395640033280,1344865395640033280,2021-01-01 04:37:51 UTC,2021-01-01,04:37:51,+0000,257805760,bpgag,Anacott Steel,,Never ended #stocks of 2020 slicing off heads $FB $AMZN $AAPL $NFLX $GOOG $TSLA #Tesla $UBER $TWTR $SNAP $MA $V $CURL #curaleaf #CannabisCommunity #HAPPYNEWYEAR #HappyNewYear2021 #Bye2020 #NewYear2021 #NewYearsResolutions #NewYearsEve #NewYear #NewYearsRockinEve¬†¬†¬†¬†¬†¬†¬†#12 #BTC,en,[],[],[],0,1,1,"['stocks', 'tesla', 'curaleaf', 'cannabiscommunity', 'happynewyear', 'happynewyear2021', 'bye2020', 'newyear2021', 'newyearsresolutions', 'newyearseve', 'newyear', 'newyearsrockineve', 'btc']","['fb', 'amzn', 'aapl', 'nflx', 'goog', 'tsla', 'uber', 'twtr', 'snap', 'ma', 'v', 'curl']",https://twitter.com/BPGAG/status/1344865395640033280,False,https://twitter.com/BPGAG/status/690189387594928128,0,,,,,,,,[],,,,
1344863473017131010,1344863473017131010,2021-01-01 04:30:12 UTC,2021-01-01,04:30:12,+0000,302674240,gzbenso,Big Data: leapfrogging the Marketing Spin ...,,"Disney, Warner Bros., Universal Join CBS in Delaying L.A. TV Production Return $viac $cmcsa $dis $nflx $aapl $t $sne $roku $amzn $disca $lgf $twtr $fox $fb $goog $snap $stx $mgm $quibi $prime $hulu $pluto $tubi $hbo $fb $baba $bidu $iq $twtr $fubo  https://t.co/s6nHb0I6p4",en,[],['https://www.hollywoodreporter.com/live-feed/cbs-studios-delays-filming-on-ncis-other-shows-as-l-a-covid-cases-surge'],[],0,1,1,[],"['viac', 'cmcsa', 'dis', 'nflx', 'aapl', 't', 'sne', 'roku', 'amzn', 'disca', 'lgf', 'twtr', 'fox', 'fb', 'goog', 'snap', 'stx', 'mgm', 'quibi', 'prime', 'hulu', 'pluto', 'tubi', 'hbo', 'fb', 'baba', 'bidu', 'iq', 'twtr', 'fubo']",https://twitter.com/gzbenso/status/1344863473017131010,False,,0,,,,,,,,[],,,,
1344849601300492288,1344849601300492288,2021-01-01 03:35:05 UTC,2021-01-01,03:35:05,+0000,1315434407692509184,earningsflyinc,Earningsfly Stock Research Bot,,Top 15 Artificial Intelligence stocks with market cap over 1 billion in 60 days.    https://t.co/NsuBRaNvxA  $TSLA $PRO $CRWD $HCAT $GOOG $GH $TWLO $LPSN $MSFT $DT $FB $AMZN $INTC $NVDA $DAO  üöÄüöÄüöÄüöÄüöÄ  https://t.co/DxWHVETtzQ,en,[],['https://www.earningsfly.com/stocks/tsla?source=twitter-bot'],['https://pbs.twimg.com/media/EqndlV4XEAAhggc.jpg'],0,2,2,[],"['tsla', 'pro', 'crwd', 'hcat', 'goog', 'gh', 'twlo', 'lpsn', 'msft', 'dt', 'fb', 'amzn', 'intc', 'nvda', 'dao']",https://twitter.com/earningsflyinc/status/1344849601300492288,False,,1,https://pbs.twimg.com/media/EqndlV4XEAAhggc.jpg,,,,,,,[],,,,
1344848353939628032,1344848353939628032,2021-01-01 03:30:08 UTC,2021-01-01,03:30:08,+0000,1315434407692509184,earningsflyinc,Earningsfly Stock Research Bot,,Top 15 Artificial Intelligence stocks with market cap over 1 billion in 5 days.    https://t.co/NsuBRaNvxA  $TSLA $INTC $PRO $AMZN $FB $GOOG $MSFT $NVDA $DAO $DT $CRM $HCAT $GH $CRWD $LPSN  üöÄüöÄüöÄüöÄüöÄ  https://t.co/nKZWi9Rm2i,en,[],['https://www.earningsfly.com/stocks/tsla?source=twitter-bot'],['https://pbs.twimg.com/media/EqnccvNXUAETdkd.jpg'],0,1,1,[],"['tsla', 'intc', 'pro', 'amzn', 'fb', 'goog', 'msft', 'nvda', 'dao', 'dt', 'crm', 'hcat', 'gh', 'crwd', 'lpsn']",https://twitter.com/earningsflyinc/status/1344848353939628032,False,,1,https://pbs.twimg.com/media/EqnccvNXUAETdkd.jpg,,,,,,,[],,,,
1344847080125325314,1344847080125325314,2021-01-01 03:25:04 UTC,2021-01-01,03:25:04,+0000,1315434407692509184,earningsflyinc,Earningsfly Stock Research Bot,,Top 15 Artificial Intelligence stocks with market cap over 1 billion today.    https://t.co/9DknM3eL58  $UPST $INTC $GH $TSLA $LPSN $CRWD $GOOG $HCAT $PRO $FB $MSFT $CRM $NVDA $AMZN $DT  üöÄüöÄüöÄüöÄüöÄ  https://t.co/WFswATXN1C,en,[],['https://www.earningsfly.com/stocks/upst?source=twitter-bot'],['https://pbs.twimg.com/media/EqnbSnmW8AAn9S3.jpg'],0,2,1,[],"['upst', 'intc', 'gh', 'tsla', 'lpsn', 'crwd', 'goog', 'hcat', 'pro', 'fb', 'msft', 'crm', 'nvda', 'amzn', 'dt']",https://twitter.com/earningsflyinc/status/1344847080125325314,False,,1,https://pbs.twimg.com/media/EqnbSnmW8AAn9S3.jpg,,,,,,,[],,,,
1344846655665930241,1344846655665930241,2021-01-01 03:23:23 UTC,2021-01-01,03:23:23,+0000,4252697165,cmclark43,Chris Clark,,$BABA $AAPL $AMZN $TSLA $NIO $FB $PDD $INTC $MSFT $BA $SQ $MRNA $AMD $SNAP $NFLX $NVDA $GOOG $ZM $QS $SHOP $CRWD $PYPL $GOOGL $PTON $SNOW $TTD $CRM $ROKU $PLTR $DIS $PLUG $XPEV $V $T $BIDU $BAC $AZN,in,[],[],[],1,1,0,[],"['baba', 'aapl', 'amzn', 'tsla', 'nio', 'fb', 'pdd', 'intc', 'msft', 'ba', 'sq', 'mrna', 'amd', 'snap', 'nflx', 'nvda', 'goog', 'zm', 'qs', 'shop', 'crwd', 'pypl', 'googl', 'pton', 'snow', 'ttd', 'crm', 'roku', 'pltr', 'dis', 'plug', 'xpev', 'v', 't', 'bidu', 'bac', 'azn']",https://twitter.com/cmclark43/status/1344846655665930241,False,https://twitter.com/cmclark43/status/1344846224017530880,0,,,,,,,,[],,,,
1344843679526244354,1344843679526244354,2021-01-01 03:11:33 UTC,2021-01-01,03:11:33,+0000,50474739,scidood,Watuzzi,,This has been one of those years that dumb money found dumber money.  Tesla on the heels of the top 5 US market cap companies. #Tesla $TSLAQ  TTM EBITDA $AAPL- $77.3b $MSFT- $68.6b $AMZN- $51.2b $GOOG- $48.1b $FB- $35.2b $TSLA- $4.0 (30% of which is from diminishing reg credits)  https://t.co/zzedkGIJnf,en,[],[],['https://pbs.twimg.com/media/EqnYMtuXYAA1Rpf.jpg'],1,2,5,['tesla'],"['tslaq', 'aapl', 'msft', 'amzn', 'goog', 'fb', 'tsla']",https://twitter.com/scidood/status/1344843679526244354,False,,1,https://pbs.twimg.com/media/EqnYMtuXYAA1Rpf.jpg,,,,,,,[],,,,
1344842045979058177,1344842045979058177,2021-01-01 03:05:04 UTC,2021-01-01,03:05:04,+0000,1315434407692509184,earningsflyinc,Earningsfly Stock Research Bot,,Top 15 SAAS stocks with market cap over 1 billion in 5 days.    https://t.co/XAMhRQYsVH  $BIDU $EPAY $APPN $ADSK $GOOG $ZUO $ADBE $MSFT $DCT $ZEN $NOW $PFPT $SVMK $APPS $WORK  üöÄüöÄüöÄüöÄüöÄ  https://t.co/c2o4aaOGc1,en,[],['https://www.earningsfly.com/stocks/bidu?source=twitter-bot'],['https://pbs.twimg.com/media/EqnWtlHXAAc_l9p.jpg'],0,0,0,[],"['bidu', 'epay', 'appn', 'adsk', 'goog', 'zuo', 'adbe', 'msft', 'dct', 'zen', 'now', 'pfpt', 'svmk', 'apps', 'work']",https://twitter.com/earningsflyinc/status/1344842045979058177,False,,1,https://pbs.twimg.com/media/EqnWtlHXAAc_l9p.jpg,,,,,,,[],,,,
1344840802187489280,1344840802187489280,2021-01-01 03:00:07 UTC,2021-01-01,03:00:07,+0000,1315434407692509184,earningsflyinc,Earningsfly Stock Research Bot,,Top 15 SAAS stocks with market cap over 1 billion today.    https://t.co/bHKBenKMrR  $ADSK $JAMF $ASAN $DCT $ZEN $WDAY $LPSN $CRWD $GOOG $MDLA $SVMK $NOW $ADBE $APPF $APPN  üöÄüöÄüöÄüöÄüöÄ  https://t.co/RK9KRWiMEV,en,[],['https://www.earningsfly.com/stocks/adsk?source=twitter-bot'],['https://pbs.twimg.com/media/EqnVlKpW8AIwrtG.jpg'],0,0,0,[],"['adsk', 'jamf', 'asan', 'dct', 'zen', 'wday', 'lpsn', 'crwd', 'goog', 'mdla', 'svmk', 'now', 'adbe', 'appf', 'appn']",https://twitter.com/earningsflyinc/status/1344840802187489280,False,,1,https://pbs.twimg.com/media/EqnVlKpW8AIwrtG.jpg,,,,,,,[],,,,
1344837613589557248,1344837613589557248,2021-01-01 02:47:27 UTC,2021-01-01,02:47:27,+0000,1341763174924693508,nsixfive1,n_six_five,,"In 2020, $AAPL is first place among FANG with 83%, which is decent growth. $GOOG is in last place, with just 29%. However even that is around x2 the return you'd get from index funds. Tech is really outperforming (and will continue)",en,[],[],[],0,0,1,[],"['aapl', 'goog']",https://twitter.com/nsixfive1/status/1344837613589557248,False,,0,,,,,,,,[],,,,
1344822374802354176,1344809975479152640,2021-01-01 01:46:54 UTC,2021-01-01,01:46:54,+0000,16954917,kjstillabower,KJ Stillabower,,"@Lost_Signal @DBArgenis @Authy @Cloudflare I see the Google trust issue, but I‚Äôm not entirely sure that I fundamentally trust $MSFT more than $GOOG I have 3 mfa token generator apps. Only one I (work) pay for. And while it‚Äôs great for the service it‚Äôs really bad at RFC-6238",en,[],[],[],1,0,1,[],"['msft', 'goog']",https://twitter.com/kjstillabower/status/1344822374802354176,False,,0,,,,,,,,"[{'screen_name': 'Lost_Signal', 'name': 'John Nicholson', 'id': '179819182'}, {'screen_name': 'DBArgenis', 'name': 'Argenis Fernandez', 'id': '14038642'}, {'screen_name': 'Authy', 'name': 'Authy', 'id': '326414705'}, {'screen_name': 'Cloudflare', 'name': 'Cloudflare', 'id': '32499999'}]",,,,
1344816170575269890,1344816170575269890,2021-01-01 01:22:15 UTC,2021-01-01,01:22:15,+0000,332068573,investingnick,Nick Sciple,,EOY Portfolio  2020 Return = 70% Top 10 ‚âà 50% of total  $PYPL $GME $TPB $RDFN $TDOC $DXCM $MTCH $MSFT $AAPL $IIVI $PINS $IAC $SCHW $AER $GOOG $BOMN $U $SQ $AAXN $TTWO $KTB $MA $XPEL $TYL $ADSK $REAL $BRK.B $SHOP $WINA $BTI $SSNC $BR $CHTR $HD,und,[],[],[],3,0,22,[],"['pypl', 'gme', 'tpb', 'rdfn', 'tdoc', 'dxcm', 'mtch', 'msft', 'aapl', 'iivi', 'pins', 'iac', 'schw', 'aer', 'goog', 'bomn', 'u', 'sq', 'aaxn', 'ttwo', 'ktb', 'ma', 'xpel', 'tyl', 'adsk', 'real', 'brk.b', 'shop', 'wina', 'bti', 'ssnc', 'br', 'chtr', 'hd']",https://twitter.com/investingnick/status/1344816170575269890,False,,0,,,,,,,,[],,,,
1344813296336166912,1344813296336166912,2021-01-01 01:10:49 UTC,2021-01-01,01:10:49,+0000,916787510822436864,topstockalerts1,Top Stock Alerts,,"Is Now The Time To Buy Stock In Tesla, Disney Or Baidu?  $GOOG $AMZN $DIS     https://t.co/BDj5gw19nF",en,[],['https://m.benzinga.com/article/18977563'],[],0,0,0,[],"['goog', 'amzn', 'dis']",https://twitter.com/TopStockAlerts1/status/1344813296336166912,False,,0,,,,,,,,[],,,,
1344800705694019585,1344800705694019585,2021-01-01 00:20:48 UTC,2021-01-01,00:20:48,+0000,21066382,eliraam,Eli Raam,,Square and PayPal Shouldn't Fear Google's Fintech Push @themotleyfool #stocks $GOOGL $GOOG $AAPL $PIPR $PYPL $SQ  https://t.co/BDWnsDkBKM,en,"[{'screen_name': 'themotleyfool', 'name': 'the motley fool', 'id': '15568127'}]",['https://www.fool.com/investing/2020/12/31/square-and-paypal-shouldnt-fear-googles-fintech-pu/'],[],0,0,1,['stocks'],"['googl', 'goog', 'aapl', 'pipr', 'pypl', 'sq']",https://twitter.com/EliRaam/status/1344800705694019585,False,,0,,,,,,,,[],,,,
1344796003485016071,1344796003485016071,2021-01-01 00:02:06 UTC,2021-01-01,00:02:06,+0000,102734585,ddandaneau,David Dandaneau ü§®,,She sure is pretty üòç $ARKQ | SharpChart |  https://t.co/RbsB2cNBJD #FinTech #Robotics #AI #Tech #CryptoCurrency #CyberSecurity #ElectricVehicles  üñ• $TSLA $MTLS $GOOG $DE $PRLB $XLNX $TRMB $FLIR $SPCE $SPLK $AAPL $WKHS $AMZN $NVDA $MGA $HON ü§©  https://t.co/9TtqLvnxdM,in,[],"['http://StockCharts.com', 'https://stockcharts.com/h-sc/ui?s=ARKQ&p=D&yr=1&mn=0&dy=0&id=p14565816076']",[],0,2,1,"['fintech', 'robotics', 'ai', 'tech', 'cryptocurrency', 'cybersecurity', 'electricvehicles']","['arkq', 'tsla', 'mtls', 'goog', 'de', 'prlb', 'xlnx', 'trmb', 'flir', 'spce', 'splk', 'aapl', 'wkhs', 'amzn', 'nvda', 'mga', 'hon']",https://twitter.com/ddandaneau/status/1344796003485016071,False,,0,,,,,,,,[],,,,
